station_id,station_name,longitude,latitude
1,"River Street, Clerkenwell",-0.109971,51.5292
2,"Phillimore Gardens, Kensington",-0.197574,51.4996
3,"Christopher Street, Liverpool Street",-0.0846057,51.5213
4,"St. Chad's Street, King's Cross",-0.120974,51.5301
5,"Sedding Street, Sloane Square",-0.156876,51.4931
6,"Broadcasting House, Marylebone",-0.144229,51.5181
7,"Charlbert Street, St. John's Wood",-0.168074,51.5343
8,"Maida Vale, Maida Vale",-0.18348599999999998,51.529857
9,"New Globe Walk, Bankside",-0.09644080000000001,51.5074
10,"Park Street, Bankside",-0.0927542,51.506
11,"Brunswick Square, Bloomsbury",-0.122502,51.523999999999994
12,"Malet Street, Bloomsbury",-0.130432,51.5217
13,"Scala Street, Fitzrovia",-0.13604000000000002,51.5199
14,"Belgrove Street, King's Cross",-0.123617,51.5299
15,"Great Russell Street, Bloomsbury",-0.127854,51.5177
16,"Cartwright Gardens, Bloomsbury",-0.125979,51.5264
17,"Hatton Wall, Holborn",-0.10900599999999999,51.5217
18,"Drury Lane, Covent Garden",-0.12222000000000001,51.5148
19,"Taviton Street, Bloomsbury",-0.131161,51.5251
20,"Drummond Street, Euston",-0.135273,51.5277
21,"Hampstead Road (Cartmel), Euston",-0.138846,51.5301
22,"Northington Street, Holborn",-0.114079,51.5223
23,"Red Lion Square, Holborn",-0.119123,51.5194
24,"British Museum, Bloomsbury",-0.124678,51.5191
25,"Doric Way, Somers Town",-0.13225,51.5288
26,"Ampton Street, Clerkenwell",-0.11829500000000001,51.5273
27,"Bouverie Street, Temple",-0.107928,51.5138
28,"Bolsover Street, Fitzrovia",-0.14361400000000002,51.5235
29,"Hereford Road, Bayswater",-0.193487,51.5137
30,"Windsor Terrace, Hoxton",-0.09342160000000001,51.5292
31,"Fanshaw Street, Hoxton",-0.0833533,51.5295
32,"Leonard Circus, Shoreditch",-0.08443930000000001,51.5247
33,"Central House, Aldgate",-0.0678275,51.5168
34,"Pancras Road, King's Cross",-0.129387,51.5341
36,"De Vere Gardens, Kensington",-0.184981,51.5017
37,"Penywern Road, Earl's Court",-0.192369,51.4916
38,"Abingdon Villas, Kensington",-0.197246,51.4974
39,"Shoreditch High Street, Shoreditch",-0.0781309,51.5264
40,"Commercial Street, Shoreditch",-0.0755789,51.5213
41,"Pindar Street, Liverpool Street",-0.08391119999999999,51.52
42,"Wenlock Road, Hoxton",-0.0939038,51.531000000000006
43,"Crawford Street, Marylebone",-0.157184,51.5203
44,"Bruton Street, Mayfair",-0.14416500000000002,51.5107
45,"Boston Place, Marylebone",-0.162298,51.5225
46,"Nesham Street, Wapping",-0.06691,51.5071
47,"Warwick Avenue Station, Maida Vale",-0.183846,51.5233
48,"Godliman Street, St. Paul's",-0.0991414,51.5125
49,"Curzon Street, Mayfair",-0.145904,51.5071
50,"East Road, Hoxton",-0.08745939999999999,51.5287
51,"Finsbury Library, Finsbury",-0.104298,51.5267
52,"Roscoe Street, St. Luke's",-0.09493489999999999,51.523
53,"Grafton Street, Mayfair",-0.143495,51.51
54,"Golden Lane, Barbican",-0.0944751,51.5217
55,"Finsbury Circus, Liverpool Street",-0.0866855,51.5171
56,"Paddington Street, Marylebone",-0.154701,51.5206
57,"Guilford Street, Bloomsbury",-0.12020299999999999,51.5233
58,"New Inn Yard, Shoreditch",-0.07924810000000002,51.5245
59,"Rodney Street, Angel",-0.114329,51.5318
60,"Lisson Grove, St. John's Wood",-0.172191,51.5264
61,"Great Dover Street, The Borough",-0.0894469,51.4974
62,"Cotton Garden Estate, Kennington",-0.106324,51.4908
63,"Murray Grove, Hoxton",-0.0897826,51.5309
64,"William IV Street, Strand",-0.124749,51.5095
65,"Gower Place, Euston",-0.135189,51.5252
66,"Holborn Circus, Holborn",-0.10865699999999999,51.518
67,"Hatton Garden, Holborn",-0.108028,51.5188
68,"Theobald's Road, Holborn",-0.11668800000000001,51.5206
69,"Euston Road, Euston",-0.134408,51.5262
70,"Calshot Street, King's Cross",-0.11707000000000001,51.5314
71,"Newgate Street, St. Paul's",-0.09885089999999999,51.5154
72,"Farringdon Lane, Clerkenwell",-0.10834,51.5235
73,"Old Street Station, St. Luke's",-0.0884862,51.5257
74,"Vauxhall Cross, Vauxhall",-0.12447000000000001,51.4859
75,"Torrens Street, Angel",-0.10548099999999999,51.5322
76,"Longford Street, The Regent's Park",-0.144084,51.5256
77,"Russell Square Station, Bloomsbury",-0.124122,51.5234
78,"Sadlers Sports Centre, Finsbury",-0.0994895,51.5249
79,"Arundel Street, Temple",-0.0971465,51.4912
80,"Webber Street, Southwark",-0.102091,51.5007
81,"Great Titchfield Street, Fitzrovia",-0.141327,51.5203
82,"Chancery Lane, Holborn",-0.111257,51.5143
83,"Panton Street, West End",-0.131511,51.5096
84,"Breams Buildings, Holborn",-0.111778,51.5159
85,"Tanner Street, Bermondsey",-0.07860039999999999,51.5006
86,"Sancroft Street, Vauxhall",-0.115157,51.4895
87,"Devonshire Square, Liverpool Street",-0.0796846,51.5165
88,"Bayley Street, Bloomsbury",-0.132053,51.5186
89,"Tavistock Place, Bloomsbury",-0.12351,51.5263
90,"Harrington Square 1, Camden Town",-0.139175,51.533
91,"Walnut Tree Walk, Vauxhall",-0.111015,51.4937
92,"Borough Road, Elephant & Castle",-0.100441,51.4989
93,"Cloudesley Road, Angel",-0.109025,51.5344
94,"Bricklayers Arms, Borough",-0.0858145,51.4951
95,"Aldersgate Street, Barbican",-0.09734019999999999,51.5208
96,"Falkirk Street, Hoxton",-0.0785054,51.531000000000006
97,"Gloucester Road (North), Kensington",-0.183835,51.4979
98,"Hampstead Road, Euston",-0.138231,51.5255
99,"Old Quebec Street, Marylebone",-0.15826400000000002,51.5146
100,"Albert Embankment, Vauxhall",-0.122807,51.4904
101,"Queen Street 1, Bank",-0.09294010000000001,51.5116
102,"Jewry Street, Aldgate",-0.0767934,51.5134
103,"Vicarage Gate, Kensington",-0.19253900000000002,51.5047
104,"Crosswall, Tower",-0.0771213,51.5116
105,"Westbourne Grove, Bayswater",-0.19024100000000002,51.5155
106,"Woodstock Street, Mayfair",-0.147302,51.5141
107,"Finsbury Leisure Centre, St. Luke's",-0.0963176,51.526
108,"Abbey Orchard Street, Westminster",-0.132102,51.4981
109,"Soho Square, Soho",-0.132329,51.5156
110,"Wellington Road, St. John's Wood",-0.172529,51.533
111,"Park Lane, Hyde Park",-0.157276,51.51
112,"Stonecutter Street, Holborn",-0.10527,51.5158
113,"Gloucester Road (Central), South Kensington",-0.183289,51.4965
114,"Park Road (Baker Street), The Regent's Park",-0.15896400000000002,51.5245
115,"Braham Street, Aldgate",-0.0735377,51.5142
116,"Little Argyll Street, West End",-0.141424,51.5145
117,"Lollard Street, Vauxhall",-0.114934,51.4929
118,"Rochester Row, Westminster",-0.135478,51.4958
119,"Bath Street, St. Luke's",-0.0908478,51.5259
120,"The Guildhall, Guildhall",-0.0930808,51.5157
121,"Baker Street, Marylebone",-0.156167,51.5189
122,"Norton Folgate, Liverpool Street",-0.0788698,51.5211
123,"St. John Street, Finsbury",-0.104725,51.5284
124,"Eaton Square, Belgravia",-0.15090499999999998,51.4965
125,"Borough High Street, The Borough",-0.0945243,51.5007
126,"Museum of London, Barbican",-0.0964969,51.5178
127,"Wood Street, Guildhall",-0.0938854,51.516999999999996
128,"Emperor's Gate, South Kensington",-0.185297,51.4954
129,"Golden Square, Soho",-0.137044,51.5119
130,"Tower Gardens, Tower",-0.0754595,51.5095
131,"Eversholt Street, Camden Town",-0.136793,51.533
132,"Bethnal Green Road, Shoreditch",-0.0747549,51.5236
133,"Derry Street, Kensington",-0.191462,51.5014
134,"Wapping High Street, Wapping",-0.06797,51.5049
135,"Clerkenwell Green, Clerkenwell",-0.104709,51.5233
136,"Queen Victoria Street, St. Paul's",-0.09744169999999999,51.512
138,"Green Street, Mayfair",-0.157437,51.5123
139,"Lambeth Road, Vauxhall",-0.117975,51.4949
140,"Finsbury Square, Moorgate",-0.0856342,51.521
141,"Chapel Place, Marylebone",-0.147204,51.5153
142,"West Cromwell Road, Earl's Court",-0.198287,51.4937
143,"Pont Street, Knightsbridge",-0.161204,51.4969
144,"Kennington Cross, Kennington",-0.111436,51.4889
145,"Ilchester Place, Kensington",-0.202759,51.5007
146,"Vauxhall Bridge, Pimlico",-0.12936199999999998,51.4884
147,"Portugal Street, Holborn",-0.116146,51.5149
148,"Tachbrook Street, Victoria",-0.13836500000000002,51.4921
149,"Kennington Road Post Office, Oval",-0.11068299999999999,51.4848
150,"Holy Trinity Brompton, Knightsbridge",-0.168917,51.4971
151,"Chepstow Villas, Notting Hill",-0.20155499999999998,51.5121
152,"Hampton Street, Walworth",-0.101537,51.4922
153,"Bayswater Road, Hyde Park",-0.174293,51.5118
154,"Waterloo Station 3, Waterloo",-0.113864,51.504
155,"Lexham Gardens, Kensington",-0.191934,51.4959
156,"New Kent Road, The Borough",-0.0929212,51.4944
157,"Wright's Lane, Kensington",-0.19306800000000002,51.5004
158,"Trebovir Road, Earl's Court",-0.19617,51.4909
159,"Great Marlborough Street, Soho",-0.13784100000000002,51.5146
160,"Waterloo Place, St. James's",-0.131774,51.5066
161,"Guildhouse Street, Victoria",-0.141334,51.4923
162,"Southampton Place, Holborn",-0.12132799999999999,51.5176
163,"Sloane Avenue, Knightsbridge",-0.16789500000000002,51.4932
164,"Cleveland Gardens, Bayswater",-0.183119,51.5156
165,"Orsett Terrace, Bayswater",-0.18371700000000002,51.5179
166,"Seville Street, Knightsbridge",-0.159237,51.5019
167,"Eccleston Place, Victoria",-0.147624,51.494
168,"Argyll Road, Kensington",-0.195456,51.5004
169,"Porchester Place, Paddington",-0.165164,51.5147
170,"Hardwick Street, Clerkenwell",-0.10806800000000001,51.5278
171,"Collingham Gardens, Earl's Court",-0.186754,51.4916
172,"Sumner Place, South Kensington",-0.173716,51.4912
173,"Waterloo Road, South Bank",-0.113001,51.5049
174,"Strand, Strand",-0.11516300000000002,51.5125
175,"Worship Street, Shoreditch",-0.0811189,51.5217
176,"Gloucester Terrace, Bayswater",-0.188099,51.5179
177,"Ashley Place, Victoria",-0.140948,51.4962
178,"Warwick Square, Pimlico",-0.141924,51.4899
180,"North Audley Street, Mayfair",-0.153645,51.5129
181,"Belgrave Square, Belgravia",-0.152318,51.4994
182,"Bell Street, Marylebone",-0.16584300000000002,51.522
183,"Riverlight North, Nine Elms",-0.136124,51.4824
184,"Portland Place, Marylebone",-0.14521199999999998,51.5207
185,"Alderney Street, Pimlico",-0.140741,51.4881
186,"South Wharf Road, Paddington",-0.175811,51.5173
187,"Queen's Gate (South), South Kensington",-0.17843299999999998,51.4925
188,"Nutford Place, Marylebone",-0.164394,51.5165
189,"Claremont Square, Angel",-0.10991500000000001,51.5317
190,"Rampayne Street, Pimlico",-0.132846,51.49
191,"Hyde Park Corner, Hyde Park",-0.153521,51.5031
192,"Wardour Street, Soho",-0.133202,51.5125
193,"Bankside Mix, Bankside",-0.100186,51.5058
194,"Hop Exchange, The Borough",-0.0917738,51.5046
195,"Milroy Walk, South Bank",-0.10623800000000001,51.5072
196,"Union Street, The Borough",-0.0984977,51.5037
197,"Stamford Street, South Bank",-0.111607,51.5056
199,"Great Tower Street, Monument",-0.08298960000000001,51.5105
200,"LMU Commercial Road, Whitechapel",-0.066078,51.5149
201,"Dorset Square, Marylebone",-0.161113,51.5226
202,"Leman Street, Aldgate",-0.06954199999999999,51.5124
203,"West Smithfield Rotunda, Farringdon",-0.10079099999999999,51.5182
204,"Margery Street, Clerkenwell",-0.11243299999999999,51.5266
206,"New Road 1, Whitechapel",-0.06275,51.5181
207,"Grosvenor Crescent, Belgravia",-0.153195,51.5014
208,"Mallory Street, Marylebone",-0.166304,51.5251
209,"Denyer Street, Knightsbridge",-0.165101,51.4936
210,"Hinde Street, Marylebone",-0.151926,51.5168
211,"Cadogan Place, Knightsbridge",-0.158106,51.4946
212,"Campden Hill Road, Notting Hill",-0.199004,51.5066
213,"Wellington Arch, Hyde Park",-0.149569,51.5027
214,"Endsleigh Gardens, Euston",-0.130504,51.5268
215,"Moorfields, Moorgate",-0.08828539999999999,51.5191
216,"Old Brompton Road, South Kensington",-0.18119100000000002,51.4909
217,"Wormwood Street, Liverpool Street",-0.08242239999999999,51.5162
218,"St. Luke's Church, Chelsea",-0.170194,51.4897
219,"Bramham Gardens, Earl's Court",-0.190394,51.4902
220,"Chelsea Green, Chelsea",-0.166485,51.4907
221,"Horseferry Road, Westminster",-0.130459,51.4948
222,"Knightsbridge, Hyde Park",-0.15535,51.5028
223,"Rodney Road, Walworth",-0.09022089999999999,51.4915
224,"Queensway, Westminster",-0.1874024,51.51031
225,"Notting Hill Gate Station, Notting Hill",-0.196422,51.5094
226,"Charles II Street, West End",-0.131961,51.5084
227,"Great Percy Street, Clerkenwell",-0.115481,51.5289
228,"St. James's Square, St. James's",-0.134621,51.5074
229,"Whitehall Place, Strand",-0.12318,51.5065
230,"Poured Lines, Bankside",-0.10313699999999999,51.5067
231,"Queen's Gate (Central), South Kensington",-0.178732,51.494
232,"Carey Street, Holborn",-0.11275299999999999,51.515
233,"Pall Mall East, West End",-0.1307,51.5078
234,"Liverpool Road (N1 Centre), Angel",-0.106993,51.5345
235,"Kennington Road, Vauxhall",-0.11088900000000002,51.4957
236,"Fashion Street, Whitechapel",-0.07343889999999999,51.5184
237,"Dock Street, Wapping",-0.06717639999999998,51.5084
238,"Frampton Street, Paddington",-0.17511600000000002,51.5234
239,"Warren Street Station, Euston",-0.138019,51.5244
240,"Colombo Street, Southwark",-0.10569200000000001,51.5055
242,"Beaumont Street, Marylebone",-0.151359,51.522
243,"Gloucester Street, Pimlico",-0.139625,51.49100000000001
244,"Earnshaw Street, Covent Garden",-0.12858499999999998,51.5161
245,"Grosvenor Road, Pimlico",-0.142207,51.4854
246,"Berry Street, Clerkenwell",-0.0999941,51.5229
247,"St. John's Wood Church, The Regent's Park",-0.16831400000000002,51.5301
248,"Triangle Car Park, Hyde Park",-0.17028,51.5065
249,"Harper Road, The Borough",-0.0961911,51.4986
250,"Royal Avenue 1, Chelsea",-0.162727,51.4899
251,"Brushfield Street, Liverpool Street",-0.079249,51.5189
252,"Jubilee Gardens, South Bank",-0.116542,51.5046
253,"Shoreditch Park, Hoxton",-0.0863797,51.534
254,"Chadwell Street, Angel",-0.10640799999999999,51.5305
255,"Clifton Road, Maida Vale",-0.179593,51.5256
256,"Houghton Street, Strand",-0.116764,51.5136
257,"Westminster University, Marylebone",-0.154907,51.5225
258,"Kensington Gore, Knightsbridge",-0.17865699999999998,51.5014
259,"Bourne Street, Belgravia",-0.123248,51.5049
260,"Broadwick Street, Soho",-0.135581,51.5137
261,"Princes Square, Bayswater",-0.191351,51.5135
262,"LSBU (Borough Road), Elephant & Castle",-0.10313299999999999,51.4987
263,"St. Mary Axe, Aldgate",-0.08066010000000001,51.5142
264,"Tysoe Street, Clerkenwell",-0.10925699999999999,51.5264
265,"Southwick Street, Paddington",-0.169249,51.516000000000005
266,"Queen's Gate (North), Kensington",-0.18024600000000002,51.501000000000005
267,"Regency Street, Westminster",-0.132225,51.4921
268,"Belgrave Road, Victoria",-0.14413299999999998,51.4932
269,"Empire Square, The Borough",-0.0897408,51.5008
270,"Kennington Lane Rail Bridge, Vauxhall",-0.122492,51.4863
271,"London Zoo, The Regent's Park",-0.15628499999999998,51.5358
272,"Baylis Road, Waterloo",-0.110699,51.5014
273,"Belvedere Road 1, South Bank",-0.114686,51.5061
274,"Warwick Road, Olympia",-0.20528400000000002,51.4967
275,"Barbican Centre, Barbican",-0.09217639999999999,51.52
276,"Lower Thames Street, Monument",-0.08498539999999999,51.5093
277,"Kensington Church Street, Kensington",-0.191496,51.5032
278,"Tooley Street, Bermondsey",-0.079621,51.5035
279,"North Wharf Road, Paddington",-0.176646,51.5186
280,"Royal Avenue 2, Chelsea",-0.162727,51.4899
281,"Smith Square, Westminster",-0.127575,51.4958
282,"Royal London Hospital, Whitechapel",-0.059642099999999997,51.5191
283,"Kingsway, Covent Garden",-0.118479,51.5144
284,"Lambeth North Station, Waterloo",-0.11203099999999999,51.4991
286,"St. John's Wood Road, St. John's Wood",-0.174654,51.5273
287,"Bedford Way, Bloomsbury",-0.128378,51.5237
288,"Elizabeth Bridge, Victoria",-0.147479,51.4924
289,"South Audley Street, Mayfair",-0.151296,51.5092
290,"St Mary's Hospital, Westminster",-0.1711032,51.518268
291,"Claverton Street, Pimlico",-0.13808900000000002,51.4848
292,"Montpelier Street, Knightsbridge",-0.165472,51.4989
293,"Kensington Olympia Station, Olympia",-0.209494,51.4982
294,"St. George's Square, Pimlico",-0.13563599999999998,51.4882
295,"Swan Street, The Borough",-0.09276269999999999,51.5003
296,"Knaresborough Place, Earl's Court",-0.190603,51.4936
297,"Geraldine Street, Elephant & Castle",-0.106001,51.4961
298,"Curlew Street, Shad Thames",-0.0741892,51.5023
299,"Vincent Square, Westminster",-0.136929,51.494
300,"Serpentine Car Park, Hyde Park",-0.17273,51.505
301,"Marylebone Lane, Marylebone",-0.148105,51.5148
302,"Putney Pier, Wandsworth",-0.21657300000000002,51.4669
303,"Albert Gate, Hyde Park",-0.15845599999999999,51.503
305,"Kennington Lane Tesco, Vauxhall",-0.115854,51.4868
306,"Rathbone Street, Fitzrovia",-0.135026,51.5182
307,"Black Lion Gate, Kensington Gardens",-0.187843,51.5099
308,"Long Lane, Bermondsey",-0.0856663,51.4991
309,"Embankment (Savoy), Strand",-0.119048,51.5096
310,"Black Prince Road, Vauxhall",-0.11691199999999999,51.4909
311,"Foley Street, Fitzrovia",-0.140486,51.5192
312,"Grove End Road, St. John's Wood",-0.176771,51.5309
313,"Wells Street, Fitzrovia",-0.138073,51.5173
314,"Tyers Gate, Bermondsey",-0.0831594,51.5009
315,"The Tennis Courts, The Regent's Park",-0.15346400000000002,51.5254
316,"Warwick Row, Westminster",-0.1429606,51.497997999999995
317,"Dickens Square, Borough",-0.0939135,51.4968
318,"Sackville Street, Mayfair",-0.138846,51.51
319,"Baldwin Street, St. Luke's",-0.0885428,51.527
320,"Queen Mother Sports Centre, Victoria",-0.139956,51.4936
321,"Bermondsey Street, Bermondsey",-0.081608,51.4979
322,"Palissy Street, Shoreditch",-0.07395499999999999,51.5263
323,"Clifton Street, Shoreditch",-0.083067,51.5232
324,"Ontario Street, Elephant & Castle",-0.101384,51.4965
325,"St. Martin's Street, West End",-0.129698,51.5091
326,"Graham Street, Angel",-0.0999811,51.5327
327,"New North Road 1, Hoxton",-0.086016,51.5311
328,"New North Road 2, Hoxton",-0.086016,51.5311
329,"Prince Albert Road, The Regent's Park",-0.160854,51.5359
330,"Eastbourne Mews, Paddington",-0.179135,51.5164
331,"Bunhill Row, Moorgate",-0.08988789999999999,51.5209
332,"Nevern Place, Earl's Court",-0.194758,51.4933
333,"Palace Gardens Terrace, Notting Hill",-0.19376400000000002,51.5086
334,"Concert Hall Approach 1, South Bank",-0.115851,51.505
335,"Tavistock Street, Covent Garden",-0.120719,51.512
336,"Concert Hall Approach 2, South Bank",-0.115851,51.505
337,"Pembridge Villas, Notting Hill",-0.197525,51.5111
338,"Wellington Street, Strand",-0.11964300000000001,51.5118
339,"Risinghill Street, Angel",-0.11178099999999999,51.5333
340,"Bank of England Museum, Bank",-0.0875874,51.5144
341,"Craven Street, Strand",-0.126021,51.5081
343,"London Zoo Car Park, The Regent's Park",-0.15018099999999998,51.5369
344,"Goswell Road (City Uni), Finsbury",-0.101026,51.5282
345,"Flood Street, Chelsea",-0.166879,51.488
347,"Lower Marsh, Waterloo",-0.113936,51.5001
348,"Grosvenor Square, Mayfair",-0.150481,51.5122
349,"St. George Street, Mayfair",-0.142783,51.512
350,"Queen's Gate, Kensington Gardens",-0.17985399999999999,51.5017
351,"Macclesfield Rd, St Lukes",-0.097122,51.5294
352,"Vauxhall Street, Vauxhall",-0.116625,51.486999999999995
353,"Greycoat Street, Westminster",-0.134234,51.4946
354,"Northumberland Avenue, Strand",-0.12370199999999999,51.5068
355,"Oval Way, Vauxhall",-0.11728599999999999,51.4866
356,"South Kensington Station, South Kensington",-0.173881,51.4944
357,"Howland Street, Fitzrovia",-0.139016,51.521
358,"High Holborn, Covent Garden",-0.124332,51.5164
359,"Butler Place, Westminster",-0.135441,51.4978
360,"Howick Place, Westminster",-0.138734,51.4968
361,"Waterloo Station 2, Waterloo",-0.113864,51.504
362,"Royal College Street, Camden Town",-0.133952,51.5363
363,"Lord's, St. John's Wood",-0.171185,51.5291
364,"Alfred Place, Bloomsbury",-0.132339,51.5197
365,"City Road, Angel",-0.100168,51.5303
366,"Millennium Hotel, Mayfair",-0.151126,51.5109
367,"Harrowby Street, Marylebone",-0.164208,51.5174
368,"Harriet Street, Knightsbridge",-0.159341,51.5002
370,"Paddington Green, Paddington",-0.174593,51.5202
371,"King Edward Walk, Waterloo",-0.10987999999999999,51.4978
372,"Sardinia Street, Holborn",-0.11786300000000001,51.5152
373,"Prince Consort Road, Knightsbridge",-0.17641600000000002,51.4998
374,"Waterloo Station 1, Waterloo",-0.113864,51.504
375,"Kensington Town Hall, Kensington",-0.194393,51.5019
376,"Millbank Tower, Pimlico",-0.125675,51.4919
377,"Waterloo Bridge, South Bank",-0.113657,51.5054
378,"Natural History Museum, South Kensington",-0.179078,51.4956
379,"Turquoise Island, Notting Hill",-0.20083800000000002,51.5143
380,"Stanhope Gate, Mayfair",-0.150667,51.5069
381,"Charlotte Street, Fitzrovia",-0.135777,51.5195
382,"Farm Street, Mayfair",-0.14745,51.5094
383,"Frith Street, Soho",-0.131214,51.5131
384,"Marloes Road, Kensington",-0.192404,51.4965
386,"Moor Street, Soho",-0.13011099999999998,51.5135
387,"Fire Brigade Pier, Vauxhall",-0.121394,51.4937
388,"Southampton Street, Strand",-0.121724,51.5107
389,"Upper Grosvenor Street, Mayfair",-0.15575799999999998,51.5101
390,"Buxton Street 1, Shoreditch",-0.068856,51.5218
392,"Imperial College, Knightsbridge",-0.179702,51.4994
393,"Snow Hill, Farringdon",-0.103604,51.5173
394,"Aberdeen Place, St. John's Wood",-0.176268,51.5248
395,"Cadogan Gardens, Chelsea",-0.159919,51.4925
396,"Shouldham Street, Marylebone",-0.163609,51.5181
397,"Devonshire Terrace, Bayswater",-0.17977,51.5135
398,"Holland Park, Kensington",-0.200742,51.5023
399,"Brick Lane Market, Shoreditch",-0.071654,51.5226
400,"George Street, Marylebone",-0.154106,51.5177
401,"Columbia Road, Shoreditch",-0.075375,51.5282
402,"Penfold Street, Marylebone",-0.171682,51.5229
403,"George Place Mews, Marylebone",-0.15825,51.5169
404,"Palace Gate, Kensington Gardens",-0.1844,51.501999999999995
405,"Gloucester Road Station, South Kensington",-0.182671,51.4942
408,"Paddington Green Police Station, Paddington",-0.170704,51.5199
409,"Strata, Elephant & Castle",-0.099828,51.4931
410,"Edgware Road Station, Marylebone",-0.169774,51.52
411,"Walworth Road, Elephant & Castle",-0.0996807,51.4934
412,"Cleaver Street, Kennington",-0.11012100000000001,51.4881
419,"Chelsea Bridge, Pimlico",-0.149004,51.4858
420,"Southwark Station 1, Southwark",-0.10531199999999999,51.504
421,"Southwark Station 2, Southwark",-0.10531199999999999,51.504
423,"Eaton Square (South), Belgravia",-0.153934,51.4946
424,"Ebury Bridge, Pimlico",-0.14918599999999999,51.4905
425,"Harrington Square 2, Camden Town",-0.139159,51.5334
426,"Vincent Street, Pimlico",-0.129925,51.4931
427,"Cheapside, Bank",-0.0929403,51.513999999999996
428,"Exhibition Road, Knightsbridge",-0.174554,51.4999
430,"South Parade, Chelsea",-0.17524,51.489
431,"Crinan Street, King's Cross",-0.12220299999999999,51.5345
432,"Exhibition Road Museums, South Kensington",-0.173894,51.497
433,"Wren Street, Holborn",-0.116279,51.5246
435,"Kennington Station, Kennington",-0.105593,51.4889
436,"Red Lion Street, Holborn",-0.11655,51.5182
437,"Vauxhall Walk, Vauxhall",-0.120903,51.4881
439,"Killick Street, King's Cross",-0.118677,51.5338
440,"Kennington Oval, Oval",-0.113134,51.4831
441,"Sail Street, Vauxhall",-0.114605,51.4957
442,"Walmer Road, Avondale",-0.211358,51.5101
443,"Philpot Street, Whitechapel",-0.058641,51.5153
444,"Bethnal Green Garden, Bethnal Green",-0.055312,51.5257
445,"Cheshire Street, Bethnal Green",-0.065076,51.5239
446,"York Hall, Bethnal Green",-0.055894000000000006,51.5289
447,"Jubilee Crescent, Cubitt Town",-0.007542,51.4934
448,"Fisherman's Walk West, Canary Wharf",-0.022959999999999998,51.5062
449,"Shadwell Station, Shadwell",-0.057159,51.5111
450,"Jubilee Street, Stepney",-0.053176999999999995,51.516000000000005
451,"Hermitage Court, Wapping",-0.06353099999999999,51.5047
452,"St. Katharine's Way, Tower",-0.070542,51.5057
453,"Garnet Street, Shadwell",-0.055166999999999994,51.5084
454,"Napier Avenue, Millwall",-0.021582,51.4877
455,"East Ferry Road, Cubitt Town",-0.014409,51.4945
456,"Parkway, Camden Town",-0.14466400000000001,51.5381
457,"Castlehaven Road, Camden Town",-0.145393,51.5421
458,"Wapping Lane, Wapping",-0.057544000000000005,51.5047
459,"Gunmakers Lane, Old Ford",-0.03338,51.5352
460,"Burdett Road, Mile End",-0.029138,51.5162
461,"Aston Street, Stepney",-0.038775,51.516000000000005
462,"Bonny Street, Camden Town",-0.138853,51.5416
463,"Thurtle road, Haggerston",-0.071881,51.5348
464,"St. Mary & St. Michael Church, Stepney",-0.052099,51.5142
465,"Pitfield Street North,Hoxton",-0.08249,51.5356
466,"Whiston Road, Haggerston",-0.07634099999999999,51.5345
467,"Southern Grove, Bow",-0.030556,51.5235
468,"Cantrell Road, Bow",-0.022694,51.5216
469,"Lindfield Street, Poplar",-0.020467,51.5138
470,"Mostyn Grove, Bow",-0.025491999999999997,51.5305
471,"Hewison Street, Old Ford",-0.028155,51.5333
472,"Malmesbury Road, Bow",-0.027616,51.5295
473,"Millharbour, Millwall",-0.019355,51.4961
474,"Castalia Square, Cubitt Town",-0.011457,51.4981
475,"Lightermans Road, Millwall",-0.020156999999999998,51.498999999999995
476,"Stebondale Street, Cubitt Town",-0.009205,51.4891
477,"Spindrift Avenue, Millwall",-0.018716,51.4911
478,"Stepney Green Station, Stepney",-0.046669999999999996,51.5219
479,"Pott Street, Bethnal Green",-0.058004999999999994,51.5272
480,"Flamborough Street, Limehouse",-0.038986599999999996,51.5129
481,"Saunders Ness Road, Cubitt Town",-0.009001,51.4871
482,"Thornfield House, Poplar",-0.02377,51.5098
483,"Albert Gardens, Stepney",-0.047784,51.5133
484,"Bromley High Street, Bow",-0.013258,51.5288
485,"Old Ford Road, Bethnal Green",-0.048017000000000004,51.5311
486,"Granby Street, Shoreditch",-0.069543,51.5256
487,"Canton Street, Poplar",-0.025626,51.5118
488,"Reardon Street, Wapping",-0.058681,51.5069
489,"Christian Street, Whitechapel",-0.06409400000000001,51.5131
490,"Pennington Street, Wapping",-0.065006,51.5086
491,"Queen Mary's, Mile End",-0.041378,51.5225
492,"The Green Bridge, Mile End",-0.03562,51.5247
494,"South Quay East, Canary Wharf",-0.016250999999999998,51.501999999999995
495,"Bow Church Station, Bow",-0.018703,51.5282
496,"Devons Road, Bow",-0.015578,51.5251
497,"Merchant Street, Bow",-0.028619,51.5265
498,"Bow Road Station, Bow",-0.025296000000000003,51.5271
499,"Furze Green, Bow",-0.021345,51.5193
500,"Ansell House, Stepney",-0.055730999999999996,51.5198
501,"Cephas Street, Bethnal Green",-0.054883,51.5226
502,"Bonner Gate, Victoria Park",-0.0495918,51.3341
503,"Cleveland Way, Stepney",-0.051394,51.5209
504,"St. John's Park, Cubitt Town",-0.009506,51.4965
505,"Ackroyd Drive, Bow",-0.026768,51.5204
506,"Bell Lane, Liverpool Street",-0.07585499999999999,51.5175
507,"Clarkson Street, Bethnal Green",-0.059091,51.5287
508,"Fournier Street, Whitechapel",-0.074431,51.5194
509,"Fore Street, Guildhall",-0.090075,51.5178
510,"Westferry DLR, Limehouse",-0.025996,51.5093
511,"Sutton Street, Shadwell",-0.053558,51.5111
512,"Pritchard's Road, Bethnal Green",-0.06142,51.5321
513,"Watney Market, Stepney",-0.055656,51.5142
514,"Portman Square, Marylebone",-0.155525,51.5162
515,"Russell Gardens, Olympia",-0.21131599999999998,51.5001
516,"Chrisp Street Market, Poplar",-0.014438,51.5112
517,"Ford Road, Old Ford",-0.033085,51.5325
518,"Antill Road, Mile End",-0.037471,51.5282
519,"Teviot Street, Poplar",-0.011662,51.5188
520,"Bancroft Road, Bethnal Green",-0.047218,51.526
521,"Driffield Road, Old Ford",-0.037366,51.5341
522,"Clinton Road, Mile End",-0.036017,51.5259
523,"Langdon Park, Poplar",-0.013475,51.5155
524,"Lancaster Gate, Bayswater",-0.179668,51.5117
525,"Cartier Circle, Canary Wharf",-0.014293,51.5047
526,"Lancaster Drive, Blackwall",-0.008428,51.5031
527,"Hansard Mews, Holland Park",-0.215808,51.5038
528,"Clarges Street, Mayfair",-0.14582699999999998,51.5073
529,"Manresa Road, Chelsea",-0.170983,51.4869
530,"Newby Place, Poplar",-0.012412999999999999,51.5089
531,"Twig Folly Bridge, Mile End",-0.042744,51.5303
532,"Jubilee Plaza, Canary Wharf",-0.020068,51.5036
533,"Wellington Row, Bethnal Green",-0.069743,51.5282
534,"Goldsmith's Row, Haggerston",-0.066035,51.5319
535,"Gloucester Avenue, Camden Town",-0.147154,51.5373
536,"Queensbridge Road, Haggerston",-0.06992000000000001,51.5339
537,"Old Montague Street, Whitechapel",-0.067937,51.5179
538,"Naval Row, Blackwall",-0.0069900000000000006,51.50899999999999
539,"Hoxton Station, Hoxton",-0.075901,51.5311
540,"Albany Street, The Regent's Park",-0.144466,51.5283
541,"Green Park Station, Mayfair",-0.142844,51.5066
542,"Salmon Lane, Limehouse",-0.033828,51.5141
543,"Lansdowne Walk, Ladbroke Grove",-0.20466600000000001,51.5096
544,"Percival Street, Finsbury",-0.10220800000000001,51.5262
545,"Arlington Road, Camden Town",-0.14524600000000001,51.54
546,"New Fetter Lane, Holborn",-0.10798699999999999,51.5174
547,"East India DLR, Blackwall",-0.002275,51.5095
548,"Westminster Bridge Road, Elephant & Castle",-0.10791300000000001,51.4984
549,"Gaywood Street, Elephant & Castle",-0.10419300000000001,51.496
550,"Harford Street, Mile End",-0.039264,51.5216
551,"Import Dock, Canary Wharf",-0.016233,51.5034
552,"Watney Street, Shadwell",-0.056666999999999995,51.5115
553,"Regent's Row, Haggerston ",-0.062546,51.5357
554,"Aberfeldy Street, Poplar",-0.005659,51.5135
556,"Heron Quays DLR, Canary Wharf",-0.021596,51.5027
557,"King Edward Street, St Pauls",-0.0985,51.516000000000005
558,"Page Street, Westminster",-0.127554,51.494
559,"Abbotsbury Road, Holland Park",-0.20599099999999998,51.5014
560,"Ladbroke Grove Central, Ladbroke Grove",-0.205921,51.5116
561,"Rectory Square, Stepney",-0.043371,51.5184
562,"Bury Place, Holborn",-0.12335,51.5175
563,"Preston's Road, Cubitt Town",-0.009152,51.4993
564,"Somerset House, Strand",-0.117619,51.5099
565,"Selby Street, Whitechapel",-0.063386,51.5219
566,"Westfield Ariel Way, White City",-0.22410300000000002,51.5092
568,"Bishop's Bridge Road West, Bayswater",-0.18697,51.5162
569,"Pitfield Street Central, Hoxton",-0.08299,51.5321
570,"Upper Bank Street, Canary Wharf",-0.017676,51.5031
571,"Westfield Southern Terrace,Shepherd's Bush",-0.21833699999999998,51.5063
572,"Greenland Road, Camden Town",-0.141728,51.5391
573,"Limerston Street, West Chelsea",-0.18119000000000002,51.4856
574,"Eagle Wharf Road, Hoxton",-0.09315,51.5336
576,"Alpha Grove, Millwall",-0.022793,51.4973
577,"Globe Town Market, Bethnal Green",-0.047548,51.5289
578,"Hollybush Gardens, Bethnal Green",-0.057133,51.5276
579,"Queen Street 2, Bank",-0.093051,51.5112
580,"Doddington Grove, Kennington",-0.102996,51.4869
581,"New Cavendish Street, Marylebone",-0.147983,51.5192
583,"Abingdon Green, Westminster",-0.125978,51.4976
584,"Ilchester Gardens, Bayswater",-0.19096,51.5124
586,"Mudchute DLR, Cubitt Town",-0.014582,51.4906
587,"Monument Street, Monument",-0.08497,51.5096
588,"Hoxton Street, Hoxton",-0.0801,51.5296
589,"Drayton Gardens, West Chelsea",-0.179369,51.4872
590,"Greenberry Street, St.John's Wood",-0.16862,51.5326
591,"Westfield Library Corner, Shepherd's Bush",-0.22422399999999998,51.5061
592,"Bishop's Bridge Road East, Bayswater",-0.18377000000000002,51.5171
593,"Northdown Street, King's Cross",-0.11934000000000002,51.5311
594,"Kingsway Southbound, Strand",-0.117774,51.5139
595,"Hammersmith Road, Hammersmith",-0.21985,51.4933
596,"Parson's Green, Parson's Green",-0.199783,51.4728
597,"Fulham Park Road, Fulham",-0.20781999999999998,51.4735
598,"Southerton Road, Hammersmith",-0.228188,51.4945
599,"Manbre Road, Hammersmith",-0.22361599999999998,51.4857
600,"South Lambeth Road, Vauxhall",-0.124642,51.4817
601,"BBC White City, White City",-0.225787,51.5148
602,"Union Grove, Wandsworth Road",-0.133972,51.473
603,"Caldwell Street, Stockwell",-0.11649300000000001,51.4778
604,"St Martins Close, Camden Town",-0.138535,51.5388
605,"Seymour Place, Marylebone",-0.163667,51.5203
606,"Addison Road, Holland Park",-0.210941,51.5042
607,"Putney Bridge Station, Fulham",-0.210279,51.4688
608,"Colet Gardens, Hammersmith",-0.216493,51.4911
609,"Sugden Road, Clapham",-0.157788,51.4651
610,"Danvers Street, West Chelsea",-0.172078,51.4826
611,"Princedale Road, Holland Park",-0.20848699999999998,51.5065
612,"Wandsworth Rd, Isley Court, Wandsworth Road",-0.14181300000000002,51.4693
613,"Woodstock Grove, Shepherd's Bush",-0.2174,51.504
614,"Bradmead, Battersea Park",-0.14469100000000001,51.4782
615,"Finlay Street, Fulham",-0.215896,51.4769
616,"Aintree Street, Fulham",-0.209973,51.481
617,"Elysium Place, Fulham",-0.20784299999999997,51.4711
618,"Eel Brook Common, Walham Green",-0.193254,51.4763
619,"Irene Road, Parsons Green",-0.19701,51.4738
620,"Surrey Lane, Battersea",-0.16716099999999998,51.4752
621,"Wandsworth Town Station, Wandsworth",-0.187427,51.4609
622,"Lansdowne Road, Ladbroke Grove",-0.20553600000000002,51.5075
623,"Nantes Close, Wandsworth",-0.180792,51.4619
624,"Courland Grove, Wandsworth Road",-0.132103,51.4729
625,"Queen's Circus, Battersea Park",-0.149552,51.4776
626,"Normand Park, West Kensington",-0.204815,51.4844
627,"Holden Street, Battersea",-0.15823099999999998,51.4688
628,"William Morris Way, Sands End",-0.184319,51.4688
629,"Morie Street, Wandsworth",-0.190184,51.46
630,"Clarence Walk, Stockwell",-0.126994,51.4707
631,"Battersea Park Road, Nine Elms",-0.141771,51.4795
632,"Sheepcote Lane, Battersea",-0.16304200000000002,51.4705
633,"Vereker Road, West Kensington",-0.209379,51.4896
634,"Brook Green South, Brook Green",-0.21580500000000002,51.4943
635,"Greyhound Road, Hammersmith",-0.214428,51.4861
636,"South Park, Sands End",-0.193502,51.4671
637,"Spencer Park, Wandsworth Common",-0.17469200000000001,51.4579
638,"Falcon Road, Clapham Junction",-0.169821,51.4666
639,"Coomer Place, West Kensington",-0.202039,51.4836
640,"Silverthorne Road, Battersea",-0.148059,51.4729
641,"Archbishop's Park, Waterloo",-0.117496,51.4982
642,"Fawcett Close, Battersea",-0.174486,51.4692
643,"All Saints' Road, Portobello",-0.204764,51.519
644,"Rainville Road, Hammersmith",-0.223852,51.4837
645,"Great Suffolk Street, The Borough",-0.10029199999999999,51.5017
646,"Buckingham Gate, Westminster",-0.137425,51.4989
647,"Richmond Way, Shepherd's Bush",-0.21751500000000001,51.5004
648,"Peterborough Road, Sands End",-0.196275,51.468999999999994
649,"World's End Place, West Chelsea",-0.180275,51.4818
650,"St. Mark's Road, North Kensington",-0.21387199999999998,51.5169
651,"Thorndike Close, West Chelsea",-0.183854,51.4809
652,"Evesham Street, Avondale",-0.21819000000000002,51.5115
653,"Simpson Street, Clapham Junction",-0.170704,51.4708
654,"Ashmole Estate, Oval",-0.11766199999999999,51.4827
655,"Crabtree Lane, Fulham",-0.219346,51.4829
656,"Broomhouse Lane, Parsons Green",-0.19913599999999998,51.4684
657,"Blythe Road West, Shepherd's Bush",-0.22179200000000002,51.4997
658,"Ethelburga Estate, Battersea Park",-0.164786,51.4773
659,"Blackfriars Station, St. Paul's",-0.1030789,51.511934000000004
660,"West Kensington Station, West Kensington",-0.20603000000000002,51.4909
661,"All Saints Church, Portobello",-0.20260899999999998,51.5163
662,"Phene Street, Chelsea",-0.16792,51.485
663,"Clarendon Road, Avondale",-0.211594,51.5132
664,"Austin Road, Battersea Park",-0.155443,51.4744
665,"Smugglers Way, Wandsworth",-0.191723,51.4611
666,"Olympia Way, Olympia",-0.20815799999999998,51.4961
667,"Shepherd's Bush Road North, Shepherd's Bush",-0.222293,51.5016
668,"Ravenscourt Park Station, Hammersmith",-0.23676999999999998,51.4942
669,"Teversham Lane, Stockwell",-0.12325799999999999,51.4761
670,"Ashley Crescent, Battersea",-0.152249,51.4672
671,"Parsons Green Station, Parsons Green",-0.201968,51.4751
672,"Grant Road Central, Clapham Junction",-0.173657,51.4647
673,"Hibbert Street, Battersea",-0.18038900000000002,51.4652
674,"Carnegie Street, King's Cross",-0.116191,51.5355
675,"Usk Road, Clapham Junction",-0.182126,51.4635
676,"Hartington Road, Stockwell",-0.12687400000000001,51.4779
677,"Heath Road, Battersea",-0.146545,51.4687
678,"Esmond Street, Putney",-0.21146900000000002,51.4623
679,"Orbel Street, Battersea",-0.170211,51.4745
680,"Westbridge Road, Battersea",-0.170329,51.4777
681,"Bishop's Avenue, Fulham",-0.21475,51.473
682,"Crisp Road, Hammersmith",-0.226606,51.4881
683,"Dorothy Road, Clapham Junction",-0.163751,51.4651
684,"Neville Gill Close, Wandsworth",-0.195197,51.4548
685,"Osiers Road, Wandsworth",-0.198735,51.4607
686,"Beryl Road, Hammersmith",-0.222456,51.4881
687,"Maclise Road, Olympia",-0.211456,51.4976
688,"Northfields, Wandsworth",-0.200668,51.461000000000006
689,"Spanish Road, Clapham Junction",-0.180885,51.4592
690,"Stanley Grove, Battersea",-0.15213,51.4705
691,"Erin Close, Walham Green",-0.195777,51.4795
692,"Cadogan Close, Victoria Park",-0.0289416,51.5421
693,"Felsham Road, Putney",-0.215619,51.4648
694,"Putney Rail Station, Putney",-0.21652600000000002,51.4607
695,"Islington Green, Angel",-0.10275799999999999,51.5364
696,"Charing Cross Hospital, Hammersmith",-0.217996,51.4873
697,"Charlotte Terrace, Angel",-0.112721,51.5364
698,"Shoreditch Court, Haggerston",-0.0703294,51.5391
699,"Belford House, Haggerston",-0.0702303,51.5367
700,"Battersea Church Road, Battersea",-0.174347,51.477
701,"Vicarage Crescent, Battersea",-0.176267,51.4729
702,"Durant Street, Bethnal Green",-0.0655503,51.5287
703,"St. Bride Street, Holborn",-0.10534400000000001,51.5151
704,"Mexfield Road, East Putney",-0.202802,51.4568
705,"Upper Richmond Road, Putney",-0.212146,51.4597
706,"Snowsfields, London Bridge",-0.0836329,51.5022
707,"Barons Court Station, West Kensington",-0.215087,51.4902
708,"Disraeli Road, Putney",-0.216146,51.4616
709,"Montserrat Road, Putney",-0.21555100000000002,51.4632
710,"Albert Bridge Road, Battersea Park",-0.163348,51.4744
711,"Everington Street, Fulham",-0.216306,51.4834
712,"Mile End Stadium, Mile End",-0.034903699999999996,51.5185
713,"Hawley Crescent, Camden Town",-0.143261,51.541000000000004
714,"Stewart's Road, Wandsworth Road",-0.137235,51.4731
715,"Aylward Street, Stepney",-0.0490672,51.5156
716,"Stainsby Road, Poplar",-0.023565,51.5154
717,"Dunston Road, Haggerston",-0.0758857,51.5366
718,"Ada Street, Hackney Central",-0.0602918,51.5357
719,"Victoria Park Road, Hackney Central",-0.054162300000000003,51.5364
720,"Star Road, West Kensington",-0.205279,51.4872
721,"Wendon Street, Old Ford",-0.0262627,51.536
722,"Finnis Street, Bethnal Green",-0.0586315,51.5246
723,"Stephendale Road, Sands End",-0.19034600000000002,51.4682
724,"Alma Road, Wandsworth",-0.184806,51.458
725,"Walworth Square, Walworth",-0.09651900000000001,51.49132
726,"Alfreda Street, Battersea Park",-0.150908,51.4751
727,"Chesilton Road, Fulham",-0.20587600000000003,51.4757
728,"Putney Bridge Road, East Putney",-0.20624099999999998,51.461999999999996
729,"St. Peter's Terrace, Fulham",-0.208485,51.4789
730,"Bridge Avenue, Hammersmith",-0.22911700000000002,51.4921
731,"Michael Road, Walham Green",-0.18921,51.4773
732,"Duke Street Hill, London Bridge",-0.087263,51.5063
733,"Park Lane, Mayfair",-0.150817,51.5054
734,"Plough Terrace, Clapham Junction",-0.175407,51.4623
735,"Grant Road East, Clapham Junction",-0.173029,51.4649
736,"Queensdale Road, Shepherd's Bush",-0.216104,51.5066
737,"Fulham Broadway, Walham Green",-0.194117,51.4799
738,"Imperial Road, Sands End",-0.187279,51.4751
739,"Hortensia Road, West Brompton",-0.185274,51.4818
740,"Sirdar Road, Avondale",-0.21459499999999998,51.5109
741,"Freston Road, Avondale",-0.219487,51.513000000000005
742,"Blenheim Crescent, Ladbroke Grove",-0.208565,51.5151
743,"Oxford Road, Putney",-0.212608,51.4608
744,"Ingrave Street, Clapham Junction",-0.172293,51.4675
745,"Upcerne Road, West Chelsea",-0.18243499999999999,51.4782
746,"Lots Road, West Chelsea",-0.179039,51.4796
747,"Ormonde Gate, Chelsea",-0.16176500000000002,51.488
748,"Hertford Road, De Beauvoir Town",-0.0792018,51.5373
749,"Haggerston Road, Haggerston",-0.0742847,51.5393
750,"Culvert Road, Battersea",-0.15785,51.4711
751,"Newton Street, Covent Garden",-0.12090899999999999,51.5161
752,"Manfred Road, East Putney",-0.206002,51.4582
753,"Hammersmith Town Hall, Hammersmith",-0.234094,51.4926
754,"Grenfell Road, Avondale",-0.214763,51.5129
755,"The Vale, Chelsea",-0.17497200000000002,51.4851
756,"Prince of Wales Drive, Battersea Park",-0.15917,51.4752
757,"Harcourt Terrace, West Brompton",-0.187405,51.488
758,"Westbourne Park Road, Portobello",-0.201005,51.5179
759,"Broadley Terrace, Marylebone",-0.165669,51.5246
760,"Rossmore Road, Marylebone",-0.163795,51.5253
761,"Humbolt Road, Fulham",-0.21186100000000002,51.4832
762,"Storey's Gate, Westminster",-0.129699,51.5007
763,"Mile End Park Leisure Centre, Mile End",-0.032566500000000005,51.5206
764,"St. John's Road, Clapham Junction",-0.168292,51.4624
765,"Ranelagh Gardens, Fulham",-0.206827,51.4676
766,"Ram Street, Wandsworth",-0.192166,51.4575
767,"Santos Road, Wandsworth",-0.20080599999999998,51.4571
768,"Clapham Common North Side, Clapham Common",-0.159322,51.4613
769,"Sandilands Road, Walham Green",-0.191803,51.4736
770,"Gwendwr Road, West Kensington",-0.209121,51.49100000000001
771,"Rifle Place, Avondale",-0.21601599999999999,51.5092
772,"Binfield Road, Stockwell",-0.122832,51.4725
773,"Tallis Street, Temple",-0.107349,51.5119
774,"Hurlingham Park, Parsons Green",-0.20464000000000002,51.4701
775,"Little Brook Green, Brook Green",-0.22386799999999998,51.4967
776,"Abyssinia Close, Clapham Junction",-0.16702899999999998,51.4603
777,"Limburg Road, Clapham Junction",-0.165298,51.4619
778,Pop Up Dock 1,-0.041089999999999995,51.5338
779,"Houndsditch, Aldgate",-0.077179,51.5144
780,"Imperial Wharf Station, Sands End",-0.18316500000000002,51.4747
781,"Victoria & Albert Museum, South Kensington",-0.172065,51.4967
782,"Halford Road, West Kensington",-0.19760899999999998,51.4839
783,"Monier Road, Hackney Wick",-0.0216304,51.5403
784,"East Village, Queen Elizabeth Olympic Park",-0.00993526,51.5463
785,"Aquatic Centre, Queen Elizabeth Olympic Park",-0.0105106,51.5409
786,"Lee Valley VeloPark, Queen Elizabeth Olympic Park",-0.0157176,51.5494
787,"Timber Lodge, Queen Elizabeth Olympic Park",-0.014691299999999997,51.5468
788,"Copper Box Arena, Queen Elizabeth Olympic Park",-0.0195248,51.5448
789,"Podium, Queen Elizabeth Olympic Park",-0.011889499999999999,51.5387
790,"Stratford Station, Stratford",-0.00481,51.5418
792,"Blackfriars Road, Southwark",-0.10454100000000001,51.5055
793,"Cromer Street, Bloomsbury",-0.119559,51.5283
794,"Lansdowne Way Bus Garage, Stockwell",-0.12458,51.4746
795,"Euston Square Gardens, Euston",-0.134849,51.5276
796,"Coram Street, Bloomsbury",-0.12641,51.523999999999994
797,"Ossulston Street, Somers Town",-0.128281945,51.52930361
798,"Birkenhead Street, King's Cross",-0.122299,51.5302
799,"Kings Gate House, Westminster",-0.137599,51.4977
800,"Sopwith Way, Battersea Park",-0.149035,51.4811
801,"Lavington Street, Bankside",-0.0980318,51.5052
802,"Albert Square, Stockwell",-0.118256789,51.47659006
803,"Southwark Street, Bankside",-0.09834108800000001,51.50540994
804,"Good's Way, King's Cross",-0.125079,51.5347
805,"Bevington Road, North Kensington",-0.206338208,51.52007391
806,"Handyside Street, King's Cross",-0.12480999999999999,51.537240000000004
807,"Bevington Road West, North Kensington",-0.20861728100000002,51.52113388
808,"Stockwell Roundabout, Stockwell",-0.122556,51.4735
809,"Lincoln's Inn Fields, Holborn",-0.114998086,51.51582693
810,"Tate Modern, Bankside",-0.098884952,51.50672097
811,"Westferry Circus, Canary Wharf",-0.027775894,51.50569679
812,"Here East North, Queen Elizabeth Olympic Park",-0.022626668,51.54872406
813,"New Spring Gardens Walk, Vauxhall",-0.122759626,51.48780745
814,"Clapham Road, Lingham Street, Stockwell",-0.12367073599999999,51.47143307
815,"Lambeth Palace Road, Waterloo",-0.11517147900000001,51.50045247
816,"Here East South, Queen Elizabeth Olympic Park",-0.022626668,51.54872406
817,"Riverlight South, Nine Elms",-0.13821289,51.48133503
818,"Westminster Pier, Westminster",-0.12382352,51.501513
819,"Belvedere Road 2, South Bank",-0.114686,51.5061
820,"Victory Place, Walworth",-0.092486949,51.49266501
821,"Battersea Power Station, Battersea Park",-0.147702349,51.48351589
826,"Allington street, Westminster",-0.142952,51.496858
827,"Cranmer Road, Stockwell",-0.111481,51.479593
828,"Normandy Road, Stockwell",-0.112581,51.473874
829,"Wynne Road, Stockwell",-0.112687,51.469217
830,"Sidney Road, Stockwell",-0.119023,51.469202
831,"St John's Crescent, Brixton",-0.11318399999999999,51.466231
832,"Ferndale Road, Brixton. ",-0.11579500000000001,51.464016
833,"Saltoun Road, Brixton",-0.115375,51.460232
834,"Gas Holders, Battersea Park",-0.147857,51.477965999999995
836,"York Way, Kings Cross",-0.125442,51.541596000000006
835,"Farringdon Street, Holborn",-0.10494780000000001,51.516785
838,"Fore Street Avenue, Guildhall",-0.09140169999999999,51.518093
839,"Sea Containers, South Bank",-0.1068403,51.507974
